Name,Date,Time,Present
SUBBU,01-04-2023,12:45:02,Present
RATAN_SIR,01-04-2023,12:45:09,Present
ELON_MUSK,01-04-2023,12:45:15,Present
RONALDO,01-04-2023,12:45:21,Present
PAVAN,01-04-2023,12:45:28,Present
ABDUL,01-04-2023,12:45:33,Present
SUBBU,02-04-2023,12:45:38,Present
ABDUL,02-04-2023,12:45:45,Present
PAVAN,02-04-2023,12:45:48,Present
RONALDO,02-04-2023,12:45:55,Present
ELON_MUSK,02-04-2023,12:46:00,Present
RATAN_SIR,02-04-2023,12:46:09,Present
SUBBU,03-04-2023,12:46:38,Present
RATAN_SIR,03-04-2023,12:46:46,Present
RONALDO,03-04-2023,12:46:51,Present
ELON_MUSK,03-04-2023,12:46:56,Present
PAVAN,03-04-2023,12:47:03,Present
ABDUL,03-04-2023,12:47:07,Present
SUBBU,2023-04-03,12:30:58,Present
PAVAN,2023-04-04,15:15:12,Present
SUBBU,2023-04-14,11:20:15,Present
